video_id,title
zdMhGxRWutQ,Sqrt(x) - Leetcode 69 - Python
QhszUQhGGlA,Binary Tree Postorder Traversal (Iterative) - Leetcode 145 - Python
afTpieEZXck,Binary Tree Preorder Traversal (Iterative) - Leetcode 144 - Python
68isPRHgcFQ,Concatenation of Array - Leetcode 1929 - Python
Mao9uzxwvmc,Symmetric Tree - Leetcode 101 - Python
cNWsgbKwwoU,Design Hashmap - Leetcode 706 - Python
2pndAmo_sMA,Range Sum Query Immutable - Leetcode 303 - Python
A2_ldqM4QcY,Middle of the Linked List - Leetcode 876 - Python
eBTZQt1TWfk,Add to Array-Form of Integer - Leetcode 989 - Python
joxx4hTYwcw,Minimum Distance between BST Nodes - Leetcode 783 - Python
ypn0aZ0nrL4,Contains Duplicate II - Leetcode 219 - Python
wrIWye928JQ,Count Odd Numbers in an Interval Range - Leetcode 1523 - Python
IvIKD_EU8BY,Shuffle the Array (Constant Space) - Leetcode 1470 - Python
i5I_wrbUdzM,Greatest Common Divisor of Strings - Leetcode 1071 - Python
3lpNp5Ojvrw,N-th Tribonacci Number - Leetcode 1137
LECWOvTo-Sc,Merge Strings Alternately - Leetcode 1768 - Python
ILDLM86jNow,Sign of An Array - Leetcode 1822 - Python
a4wqKR-znBE,Find the Difference of Two Arrays - Leetcode 2215 - Python
WliTu6gIK7o,Matrix Diagonal Sum - Leetcode 1572 - Python
d5zCHesOrSk,Design Parking System - Leetcode 1603 - Python
VymjPQUXjL8,Design HashSet - Leetcode 705 - Python
X_vJDpCCuoA,Excel Sheet Column Title - Leetcode 168 - Python
oFmv4N4z00c,Find the Difference - Leetcode 389 - Python
QC4c9fyr8As,Sort Array by Parity - Leetcode 905 - Python
sqWOFIZ9Z0U,Monotonic Array - Leetcode 896 - Python
7kUEwiwwnlA,Reverse Words in a String III - Leetcode 557 - Python
BqhDFUo1rjs,Number of Good Pairs - Leetcode 1512 - Python
k1DNTyal77I,Pascal's Triangle II - Leetcode 119 - Python
k2qrymM_DOo,Backspace String Compare - Leetcode 844 - Python
qEYZPwnlM0U,Power of Four - Leetcode 342 - Python
ejBwc2oE7ck,Check If Two String Arrays are Equivalent - Leetcode 1662 - Python
EQ5jTZdEn8Y,Find Words That Can Be Formed by Characters - Leetcode 1160 - Python
vcrOpJQHsSE,Largest 3-Same-Digit Number in String - Leetcode 2264 - Python
lslcc0tumpU,Count of Matches in Tournament - Leetcode 1688 - Python
tKK7gvPCQfs,Calculate Money in Leetcode Bank - Leetcode 1716 - Python
svuPjFAUeDE,Largest Odd Number in String - Leetcode 1903 - Python
DzMT3bDgVn0,Transpose Matrix - Leetcode 867 - Python
Hi8vMnnTZHE,Destination City - Leetcode 1436 - Python
wBPoEm3r3EA,Maximum Product Difference Between Two - Leetcode 1913 - Python
xa83GG1RIOY,Image Smoother - Leetcode 661 - Python
BTzNimiQdW4,Buy Two Chocolates - Leetcode 2706 - Python
mc_eSStDrWw,Maximum Score After Splitting a String - Leetcode 1422 - Python
VWRJBNP7uH8,Path Crossing - Leetcode 1496 - Python
9vAQdmVU2ds,Minimum Changes To Make Alternating Binary String - Leetcode 1758 - Python
a3SmUiimBi8,Redistribute Characters to Make All Strings Equal - Leetcode 1897 - Python
66b2V_rCuJw,Largest Substring Between Two Equal Characters - Leetcode 1624 - Python
JW8fgvoxPTg,Assign Cookies - Leetcode 455 - Python
9pl1QiaGgmI,Convert an Array Into a 2D Array With Conditions - Leetcode 2610 - Python
uLVG45n4Sbg,Range Sum of BST - Leetcode 938 - Python
Nr8dbnL0_cM,Leaf-Similar Trees - Leetcode 872 - Python
d-ulaeRBA64,Set Mismatch - Leetcode 645 - Python
eanwa3ht3YQ,Implement Queue using Stacks - Leetcode 232 - Python
rBENYgWy3xU,First Unique Character in a String - Leetcode 387 - Python
4JA5MW772N0,Find First Palindromic String in the Array - Leetcode 2108 - Python
H2bjttEV4Vc,Power of Two - Leetcode 231 - Python
QiGaxdUINJ8,Find the Town Judge - Leetcode 997 - Python
EUKLOAv4-IQ,Maximum Odd Binary Number - Leetcode 2864 - Python
fwUTXaMom6U,Intersection of Two Arrays - Leetcode 349 - Python
FiQFJvCvWK4,Maximum Nesting Depth of the Parentheses - Leetcode 1614 - Python
10tBWNjzvtw,Make The String Great - Leetcode 1544 - Python
d_cvtFwnOZg,Number of Students Unable to Eat Lunch - Leetcode 1700 - Python
cVmS9N6kf2Y,Time Needed to Buy Tickets - Leetcode 2073 - Python
wdTRu9sarFA,Largest Local Values in a Matrix - Leetcode 2373 - Python
9a_cP54jn8Q,Evaluate Boolean Binary Tree - Leetcode 2331 - Python
LI7YR-bwNYY,Sum of All Subsets XOR Total - Leetcode 1863 - Python
Z51jYCeBLVI,Special Array with X Elements Greater than or Equal X - Leetcode 1608 - Python
imbrLFL20tQ,Score of a String - Leetcode 3110 - Python
_g9jrLuAphs,Longest Palindrome - Leetcode 409 - Python
QEESBA2Q_88,Find Common Characters - Leetcode 1002 - Python
mQAoeYaE3Xk,Height Checker - Leetcode 1051 - Python
OPvcR1e4lfg,Relative Sort Array - Leetcode 1122 - Python
wS7Ag33hf8E,Minimum Number of Moves to Seat Everyone - Leetcode 2037 - Python
V4d6xym5efE,Water Bottles - Leetcode 1518 - Python
Ur3saIXP7ro,Crawler Log Folder - Leetcode 1598 - Python
ceuQgACqr78,Lucky Numbers in a Matrix - Leetcode 1380 - Python
Zv_gXqqslbw,Sort the People - Leetcode 2418 - Python
Evq1SfUbhBg,Sort Array by Increasing Frequency - Leetcode 1636 - Python
K81C31ytOZE,Diameter of Binary Tree - Leetcode 543 - Python
l6_wwKzFmVo,Number of Senior Citizens - Leetcode 2678 - Python
XJkd8HKGcQw,Make Two Arrays Equal by Reversing Subarrays - Leetcode 1460 - Python
1KOnvGPv9Mo,Kth Distinct String in an Array - Leetcode 2053 - Python
mSVAw0AUZgA,Lemonade Change - Leetcode 860 - Python
GMUI91_pDmM,N-ary Tree Postorder Traversal - Leetcode 590 - Python
l-VLzZ2riTc,Covert 1D Array Into 2D Array - Leetcode 2022 - Python
yz48myznqQY,Minimum Bit Flips to Convert Number - Leetcode 2220 - Python
CFa2TgIHMN0,Count the Number of Consistent Strings - Leetcode 1684 - Python
24IYW1kQdYU,Uncommon Words from Two Sentences - Leetcode 884 - Python
yBdULgU_EvY,Minimum String Length After Removing Substrings - Leetcode 2696 - Python
9Ty_eRjoDNM,Circular Sentence - Leetcode 2490 - Python
c4oOIi5YTE4,Defuse the Bomb - Leetcode 1652 - Python
MQlC8EoOdZ0,Minimum Limit of Balls in a Bag - Leetcode 1760 - Python
AaoytRXBXGs,Final Array State After K Multiplication Operations I - Leetcode 3264 - Python
bHEQ4D_XcyY,Take Gifts From the Richest Pile - Leetcode 2558 - Python
BYushAxaQOg,Final Prices With a Special Discount in a Shop - Leetcode 1475 - Python
eJx-Cyc6KRQ,Maximum Score After Splitting a String - Leetcode 1422 - Python
7K2BjgjCFDo,String Matching in an Array - Leetcode 1408 - Python
zQrtsvo8lgM,Count Prefix and Suffix Pairs I & II - Leetcode 3042 & 3045 - Python
B26hW8fBMj0,Counting Words With a Given Prefix - Leetcode 2185 - Python
NcsmaL_e_Zg,Maximum Ascending Subarray Sum - Leetcode 1800 - Python
RY6P9V878-0,Special Array I - Leetcode 3151 - Python
Vzs_vlCIFEw,Check if Array Is Sorted and Rotated - Leetcode 1752 - Python
zDbApBI7UpE,Longest Strictly Increasing or Strictly Decreasing Subarray - Leetcode 3105 - Python
-N4_SJ9hUdY,Check if One String Swap Can Make Strings Equal - Leetcode 1790 - Python
f_u_9ixrktQ,Clear Digits - Leetcode 3174 - Python
ur0srHvM1cA,Apply Operations to an Array - Leetcode 2460 - Python
5MT4KsvOXYs,Merge Two 2D Arrays by Summing Values - Leetcode 2570 - Python
LQGmWiDuTw8,Find Missing and Repeated Values - Leetcode 2965 - Python
cWz4_zUegxE,Minimum Recolors to Get K Consecutive Black Blocks - Leetcode 2379
vxcpdClAktE,Divide Array Into Equal Pairs - Leetcode 2206 - Python
yTTtuxccFdU,Count Good Triplets - Leetcode 1534 - Python
sFY_14A28x0,Maximum Value of an Ordered Triplet I - Leetcode 2873 - Python
HToBFhTa1uQ,Sum of All Subsets XOR Total - Leetcode 1863 - Python
m7U90fpD2j0,Valid Word Abbreviation - Leetcode 408 - Python
SxoWfYjjRag,Smallest Number With All Set Bits - Leetcode 3370 - Python
Wwml2yq-qH4,The Two Sneaky Numbers of Digitville - Leetcode 3289 - Python
z65oMfaCSAQ,Find X-Sum of All K-Long Subarrays I - Leetcode 3318 Python
PZb41vsgo9E,Count Operations to Obtain Zero - Leetcode 2169 - Python
pRyFZIaKegA,Removing Stars From a String - Leetcode 2390 - Python
AeHMvcKuR0Y,Minimize Maximum of Array - Leetcode 2439 - Python
CKZPdiXiQf0,Optimal Partition of String - Leetcode 2405 - Python
OKnm5oyAhWg,Successful Pairs of Spells and Potions - Leetcode 2300 - Python
X8k48xek8g8,Number of Closed Islands - Leetcode 1254 - Python
gf0zsh1FIgE,Number of Enclaves - Leetcode 1020 - Python
G-EWVGCcL_w,Number of Zero-Filled Subarrays - Leetcode 2348 - Python
K7-mXA0irhY,Minimum Score of a Path Between Two Cities - Leetcode 2492 - Python
6st4IxEF-90,Accounts Merge - Leetcode 721 - Python
kMzJy9es7Hc,Find Peak Element - Leetcode 162 - Python
olbiZ-EOSig,Check Completeness of a Binary Tree - Leetcode 958 - Python
vm63HuIU7kw,Construct Binary Tree from Inorder and Postorder Traversal - Leetcode 106 - Python
MsYZSinhuFo,Sort an Array - Leetcode 912 - Python
UQ-1sBMV0v4,Construct Quad Tree - Leetcode 427 - Python
V_iHUhR8Dek,Longest Turbulent Array - Leetcode 978 - Python
doj95MelfSA,Maximum Twin Sum of a Linked List - Leetcode 2130 - Python
gdXkkmzvR3c,Last Stone Weight II - Leetcode 1049 - Python
kn0Z5_qPPzY,Find Duplicate Subtrees - Leetcode 652 - Python
miZ3qV04b1g,Ones and Zeroes - Leetcode 474 - Python
ycAq8iqh0TI,Remove Duplicates from Sorted Array II - Leetcode 80 - Python
ER_oLmdc-nw,Capacity to Ship Packages - Leetcode 1011 - Python
HGtqdzyUJ3k,Single Element in a Sorted Array - Leetcode 540 - Python
cEW05ofxhn0,Course Schedule IV - Leetcode 1462 - Python
igbboQbiwqw,Binary Tree Zigzag Level Order Traversal - Leetcode 103 - Python
d3UOz7zdE4I,Unique Paths II - Leetcode 63 - Python
kPsDTGcrzGM,Path with Maximum Probability - Leetcode 1514 - Python
69rcy6lb-HQ,Shortest Path with Alternating Colors - Leetcode 1129 - Python
I3lnDUIzIG4,Minimum Fuel Cost to Report to the Capital - Leetcode 2477 - Python
fjxb1hQfrZk,As Far from Land as Possible - Leetcode 1162 - Python
D8B4tKxMTnY,Number of Subarrays of size K and Average Greater than or Equal to Threshold - Leetcode 1343 Python
yYtaV0G3mWQ,Fruits into Basket - Leetcode 904 - Python
Cpg8f79luEA,Insert into a Binary Search Tree - Leetcode 701 - Python
LFzAoJJt92M,Delete Node in a BST - Leetcode 450 - Python
YnxUdAO7TAo,Shortest Path in a Binary Matrix - Leetcode 1091 - Python
7kURH3btcV4,Best Team with no Conflicts - Leetcode 1626 - Python
AZA8orksO4w,Find Closest Node to Given Two Nodes - Leetcode 2359 - Python
fxT9KjakYPM,Maximum Sum Circular Subarray - Leetcode 918 - Python
tMq9z5k3umQ,Flip String to Monotone Increasing - Leetcode 926 - Python
Wf4QhpdVFQo,Design Linked List - Leetcode 707 - Python
Xdt5Z583auM,Minimum Time to Collect All Apples in a Tree - Leetcode 1443 - Python
i1G-kKnBu8k,Design Browser History - Leetcode 1472 - Python
mzua0r94kb8,Validate Stack Sequences - Leetcode 946 - Python
bUr8cNWI09Q,Longest Palindromic Subsequence - Leetcode 516 - Python
zZA5KskfMuQ,Dota2 Senate - Leetcode 649 - Python
kEfPSzgL-Ss,Maximum Number of Vowels in a Substring of Given Length - Leetcode 1456 - Python
RvLrWFBJ9fM,Spiral Matrix II - Leetcode 59 - Python
mnJF4vJ7GyE,Uncrossed Lines - Leetcode 1035 - Python
D7TD_ArkfkA,Solving Questions With Brainpower - Leetcode 2140 - Python
JKpVHG2mhbk,Count Ways to Build Good Strings - Leetcode 2466 - Python
4LsrgMyQIjQ,Swapping Nodes in a Linked List - Leetcode 1721 - Python
TLzcum7vrTc,Minimum Number of Vertices to Reach all Nodes - Leetcode 1557 - Python
mev55LTubBY,Is Graph Bipartite? - Leetcode 785 - Python
Uei1fwDoyKk,Evaluate Division - Leetcode 399 - Python
ax1DKi5lJwk,Maximum Subsequence Score - Leetcode 2542 - Python
zKi4LzjK27k,New 21 Game - Leetcode 837 - Python
I-z-u0zfQtg,Stone Game II - Leetcode 1140 - Python
W5QOLqXskZM,Design Underground System  - Leetcode 1396 - Python
8NPbAvVXKR4,Detonate the Maximum Bombs - Leetcode 2101 - Python
zdBYi0p4L5Q,Time Needed to Inform All Employees - Leetcode 1376 - Python
m907FlQa2Yc,Unique Binary Search Trees II - Leetcode 95 - Python
lf1Pxg7IrzQ,Minimize the Maximum Difference of Pairs - Leetcode 2616 - Python
oUnF7o88_Xc,Search in Rotated Sorted Array II - Leetcode 81 - Python
OxXPiwWFdTI,Check if There is a Valid Partition For The Array - Leetcode 2369 - Python
LcNNorqMVTw,Maximum Length of Pair Chain - Leetcode 646 - Python
0d7ShRoOFVE,Minimum Penalty for a Shop - Leetcode 2483 - Python
ONstwO1cD7c,Extra Characters in a String - Leetcode 2707 - Python
-OTlqdrxrVI,Split Linked List in Parts - Leetcode 725 - Python
h8AZEN49gTc,Minimum Deletions to Make Character Frequencies Unique - Leetcode 1647 - Python
XQlxCCx2vI4,Path with Minimum Effort - Leetcode 1631 - Python
xumn16n7njs,Minimum Operations to Reduce X to Zero - Leetcode 1658 - Python
7b0V1gT_TIk,Longest String Chain - Leetcode 1048 - Python
LQ8TuG_QADM,Champagne Tower - Leetcode 799 - Python
T54GScWobZ4,Remove Colored Pieces if Both Neighbors are the Same Color - Leetcode 2038 - Python
Eua-UrQ_ANo,Majority Element II - Leetcode 229 - Python
Mw67DTgUEqk,Validate Binary Tree Nodes - Leetcode 1361 - Python
4ILiBgLokM8,Flatten Nested List Iterator - Leetcode 341 - Python
wB9JOh7Z_cY,Find Largest Value in Tree Row - Leetcode 515 - Python
pmD2HCKaqRQ,K-th Symbol in Grammar - Leetcode 779 - Python
o_hVl8IXuIE,Maximum Element After Decreasing and Rearranging - Leetcode 1846 - Python
3nkc-e66JmA,Sum of Absolute Differences in a Sorted Array - Leetcode 1685 - Python
NYyIVuSCfOA,Largest Submatrix With Rearrangements - Leetcode 1727 - Python
vlsUUm_qqsY,Knight Dialer - Leetcode 935 - Python
Ikp8SgbgbEo,Design a Food Rating System - Leetcode 2353 - Python
6XnvNCTyJP4,Wildest Vertical Area Between Two Points Containing No Points - Leetcode 1637 - Python
hfUxjdjVQN4,Number of Dice Rolls with Target Sum - Leetcode 1155 - Python
9_9jwd2DHMU,Minimum Time To Make Rope Colorful - Leetcode 1578 - Python
KLeKv59LAFY,Number of Laser Beams in a Bank - Leetcode 2125 - Python
_AcO35R0fss,Minimum Numbers of Operations to Make Array Empty - Leetcode 2870 - Python
b_F3mz9l-uQ,Minimum Falling Path Sum - Leetcode 931 - Python
aX1F2-DrBkQ,Sum of Subarray Minimums - Leetcode 907 - Python
MBsSpQnaFzg,Pseudo-Palindromic Paths in a Binary Tree - Leetcode 1457 - Python
Bg5CLRqtNmk,Out of Boundary Paths - Leetcode 576 - Python
XleOio1oJeo,Divide Array Into Arrays With Max Difference - Leetcode 2966 - Python
Q-ca65wRJyI,Sequential Digits - Leetcode 1291 - Python
kWhy4ZUBdOY,Partition Array for Maximum Sum - Leetcode 1043 - Python
OXdXc9HTrIg,Sort Characters By Frequency - Leetcode 451 - Python
LeRU6irRoW0,Largest Divisible Subset - Leetcode 368 - Python
SoPmcGzz9-E,Rearrange Array Elements by Sign - Leetcode 2149 - Python
Yk9Mor-Y488,Find Polygon with the Largest Perimeter - Leetcode 2971 - Python
Nsp_ta7SlEk,Least Number of Unique Integers after K Removal - Leetcode 1481 - Python
zyTeznvXCtg,Furthest Building You Can Reach - Leetcode 1642 - Python
R3T0olAhUq0,Bitwise AND of Numbers Range - Leetcode 201 - Python
FkNWN1Fj_TY,Even Odd Tree - Leetcode 1609 - Python
prI82maTivg,Bag of Tokens - Leetcode 948 - Python
318hrWVr_5U,Minimum Length of String after Deleting Similar Ends - Leetcode 1750 - Python
j4JDr4-jvo4,Binary Subarrays with Sum - Leetcode 930 - Python
agB1LyObUNE,Contiguous Array - Leetcode 525 - Python
lPmkKnvNPrw,Minimum Number of Arrows to Burst Balloons - Leetcode 452 - Python
pI775VutBxg,Merge in Between Linked Lists - Leetcode 1669 - Python
Y8x0iAVEITo,Find All Duplicates in an Array - Leetcode 442 - Python
Cg6_nF7YIks,Subarray Product Less Than K - Leetcode 713 - Python
W_KYZGp2QzU,Length of Longest Subarray With at Most K Frequency - Leetcode 2958 - Python
CZ-z1ViskzE,Count Subarrays Where Max Element Appears at Least K Times - Leetcode 2962 - Python
mgQ4O9iUEbg,Minimum Remove to Make Valid Parentheses - Leetcode 1249 - Python
i2QrUdwWlak,Reveal Cards In Increasing Order - Leetcode 950 - Python
UvdWfxQ_ZDs,Smallest String Starting From Leaf - Leetcode 988 - Python
wQGQnyv_9hI,Minimum Height Trees - Leetcode 310 - Python
gR1E2oLQYSY,Longest Ideal Subsequence - Leetcode 2370 - Python
y783sRTezDg,Remove Nodes From Linked List - Leetcode 2487 - Python
FbhzRA5den8,Score After Flipping Matrix - Leetcode 861 - Python
I1wllM_pozY,Path with Maximum Gold - Leetcode 1219 - Python
-5mQcNiVWTs,Find the Safest Path in a Grid - Leetcode 2812 - Python
FqAoYAwbwV8,Delete Leaves With a Given Value - Leetcode 1325 - Python
YfdfIOeV_RU,Distribute Coins in Binary Tree - Leetcode 979 - Python
Dle_SpjHTio,The Number of Beautiful Subsets - Leetcode 2597 - Python
3lsT1Le526U,Get Equal Substrings Within Budget - Leetcode 1208 - Python
qxt7_HD8Cag,Number of Steps to Reduce a Number in Binary Representation to One - Leetcode 1404 - Python
e4Yx9KjqzQ8,Count Triplets That Can Form Two Arrays of Equal XOR - Leetcode 1442 - Python
faoVORjd-T8,Single Number III - Leetcode 260 - Python
gKDmO8ZLRD8,Append Characters to Strings to Make Subsequence - Leetcode 2486 - Python
bcXy-T4Sc3E,Subarray Sums Divisible by K - Leetcode 974 - Python
XPPs2Wj2YSk,Minimum Increment to Make Array Unique - Leetcode 945 - Python
B0UrG_X2faA,Sum of Square Numbers - Leetcode 633 - Python
pXFbNuEIn8Q,Grumpy Bookstore Owner - Leetcode 1052 - Python
4zNK0rhFfcA,Count Number of Nice Subarrays - Leetcode 1248 - Python
V-ecDfY5xEw,Longest Continuous Subarray with Absolute Diff Less than or Equal to Limit - Leetcode 1438 - Python
FZe0UqISmUw,Permutations - Leetcode 46 - Python
NIhXLEiQAPM,Maximum Total Importance of Roads - Leetcode 2285 - Python
S6cUjbQuTnE,Minimum Difference Between Largest and Smallest Value in Three Moves - Leetcode 1509 - Python
jrSav7fulJY,Merge Nodes in Between Zeros - Leetcode 2181 - Python
UddDgt52h9g,Find the Minimum and Maximum Number of Nodes Between Critical Points - Leetcode 2058 - Python
PBBQgW_75e0,Find the Winner of the Circular Game - Leetcode 1823 - Python
2fN7uIgCIBA,Average Waiting Time - Leetcode 1701 - Python
n_pCJmg-RyU,Reverse Substrings Between Each Pair of Parentheses - Leetcode 1190 - Python
r_3a0oG1VcY,Maximum Score From Removing Substrings - Leetcode 1717 - Python
yWkrFfqO7NA,Create Binary Tree from Descriptions - Leetcode 2196 - Python
JegJNGcwtFg,Step-By-Step Directions from a Binary Tree Node to Another - Leetcode 2096 - Python
UhKu0q1yXHY,Delete Nodes And Return Forest - Leetcode 1110 - Python
f_epkBeS1LQ,Number of Good Leaf Nodes Pairs - Leetcode 1530 - Python
Ks6fGnXkHPg,Find Valid Matrix Given Row and Column Sums - Leetcode 1605 - Python
rmkF2mxPoZM,Sort the Jumbled Numbers - Leetcode 2191 - Python
--wKPR3ByJc,Find the City With the Smallest Number of Neighbors at a Threshold Distance - Leetcode 1334 - Python
AVJhazQsNms,Minimum Cost to Convert String I - Leetcode 2976 - Python
zONHzIqCr-o,Count Number of Teams - Leetcode 1395 - Python
WDStNufBUQ8,Minimum Deletions to Make String Balanced - Leetcode 1653 - Python
lFYPPPTp8qE,Filling Bookcase Shelves - Leetcode 1105 - Python
BueoreUIkcE,Minimum Swaps to Group All 1's Together II - Leetcode 2134 - Python
7XTGlO6b16A,Range Sum of Sorted Subarray Sums - Leetcode 1508 - Python
gvaYi6X6SQw,Minimum Number of Pushes to Type Word II - Leetcode 3016 - Python
Xf5Zm5Y8PKM,Spiral Matrix III - Leetcode 885 - Python
FV52wWrivNc,Magic Squares In Grid - Leetcode 840 - Python
j8KrBYIxHK8,Regions Cut By Slashes - Leetcode 959 - Python
FOyRpNUSFeA,Combination Sum II - Leetcode 40 - Python
J0yYlj_oVTI,Maximum Distance in Arrays - Leetcode 624 - Python
ik1y7fz8AOc,Maximum Number of Points with Cost - Leetcode 1937 - Python
1pj2a5bmziY,Ugly Number II - Leetcode 264 - Python
jNfZH3mdjOA,2 Keys Keyboard - Leetcode 650 - Python
wpglWC6mnLg,Walking Robot Simulation - Leetcode 874 - Python
unIz8W9nuyk,Find Missing Observations - Leetcode 2028 - Python
3xZuqYD3EYA,Delete Nodes From Linked List Present in Array - Leetcode 3217 - Python
OaA9MgG00AE,Linked List in Binary Tree - Leetcode 1367 - Python
sOV1nRhmsMQ,Spiral Matrix IV - Leetcode 2326 - Python
SS_IlBrocYQ,Insert Greatest Common Divisors in Linked List - Leetcode 2807 - Python
1Q4lxfSlbPs,XOR Queries of a Subarray - Leetcode 1310 - Python
N8lRlRWA_1Q,Longest Subarray With Maximum Bitwise AND - Leetcode 2419 - Python
o17MBWparrI,Find the Longest Substring Containing Vowels in Even Counts - Leetcode 1371 - Python
LVBDzeUmNIQ,Minimum Time Difference - Leetcode 539 - Python
cykVFFm5D3s,Different Ways to Add Parentheses - Leetcode 241 - Python
QihtII-FvLo,Lexicographical Numbers - Leetcode 386 - Python
06dIUJwdHlQ,Find the Length of the Longest Common Prefix - Leetcode 3043 - Python
fIxck3tlId4,My Calendar I - Leetcode 729 - Python
7utL5cTDcnA,My Calendar II - Leetcode 731 - Python
cueOpK5QMEA,Divide Players Into Teams of Equal Skill - Leetcode 2491 - Python
tkLM-ClhwWM,Sentence Similarity III - Leetcode 1813 - Python
UizI7R6ND9Q,Minimum Add to Make Parentheses Valid - Leetcode 921 - Python
3pTEJ1vzgSI,Maximum Width Ramp - Leetcode 962 - Python
LqhxcaCctCc,The Number of the Smallest Unoccupied Chair - Leetcode 1942 - Python
FVjKrhdMutc,Divide Intervals Into Minimum Number of Groups - Leetcode 2406 - Python
fiEXkZLwXGQ,Maximal Score After Applying K Operations - Leetcode 2530 - Python
4FZtJ8420m8,Maximum Swaps - Leetcode 670 - Python
-VVN0FI0KFo,Separate Black and White Balls - Leetcode 2938 - Python
_wBj3IMV7tY,Count Number of Maximum Bitwise-OR Subsets - Leetcode 2044 - Python
Sh-IqBIg9dU,Kth Largest Sum in a Binary Tree - Leetcode 2583 - Python
h9DOEqeb_ZA,Find Kth Bit in Nth Binary String - Leetcode 1545 - Python
WDDLp2l9TrM,Remove Sub-Folders from the Filesystem - Leetcode 1233 - Python
fLjeVALxzjg,Split a String Into the Max Number of Unique Substrings - Leetcode 1593 - Python
xvwTd19SncE,Cousins in Binary Tree II - Leetcode 2641 - Python
5Li-cR5h_uw,Count Square Submatrices with All Ones - Leetcode 1277 - Python
qhxhrTA4HJw,Minimum Number of Changes to Make Binary String Beautiful - Leetcode 2914 - Python
OpOPUeGFjxE,Find if Array Can Be Sorted - Leetcode 3011 - Python
rUYfBldVqLY,Largest Combination With Bitwise AND Greater Than Zero - Leetcode 2275 - Python
FlSS5reeFyE,Maximum XOR for Each Query - Leetcode 1829 - Python
GKSSr2xkR8A,Minimized Maximum of Products Distributed to Any Store - Leetcode 2064 - Python
4pP-0UpEok4,Minimum Array End - Leetcode 3133 - Python
Bq_BEsgBQOs,Shortest Subarray With OR at Least K II - Leetcode 3097 - Python
G9cp9y45qEs,Prime Subtraction Operation - Leetcode 2601 - Python
kybir7n8JJg,Most Beautiful Item for Each Query - Leetcode 2070 - Python
TjthKf7Mc_8,Count the Number of Fair Pairs - Leetcode 2563 - Python
eHZLQIH1ruk,Shortest Subarray to be Removed to Make Array Sorted - Leetcode 1574 - Python
LZr1w0LVzFw,Rotating the Box - Leetcode 1861 - Python
67QUp_zOIFg,Find the Power of K-Size Subarrays I - Leetcode 3254 - Python
pT-lOE1on3M,Maximum Sum of Distinct Subarrays With Length K - Leetcode 2461 - Python
zCeZOyACpUQ,Shortest Distance After Road Addition Queries I - Leetcode 3243 - Python
QzcxeJZByNM,Take K of Each Character From Left and Right - Leetcode - Python
XonYlqE049I,Maximum Matrix Sum - Leetcode 1975 - Python
3WVHdSWHxxQ,Count Unguarded Cells in the Grid - Leetcode 2257 - Python
MsdLjL87BEo,Flip Columns For Maximum Number of Equal Rows - Leetcode 1072 - Python
HjSmSLPR7S4,Find Champion II - Leetcode 2924 - Python
jziDtPZJ4fw,Adding Spaces to a String - Leetcode 2109 - Python
x29QnzSBFVI,Maximum Beauty of an Array After Applying Operation - Leetcode 2779 - Python
Um9_VT78nfg,Construct String With Repeat Limit - Leetcode 2182 - Python
wpHzXTkuVkY,Max Chunks To Make Sorted - Leetcode 769 - Python
3x3JoCb8-tU,Reverse Odd Levels of Binary Tree - Leetcode 2415 - Python
6mONZ_54rZg,Minimum Number of Operations to Sort a Binary Tree by Level - Leetcode 2471 - Python
YAYnMfHbjz4,Best Sightseeing Pair - Leetcode 1014 - Python
dwMOrl85Xes,Target Sum - Leetcode 494 - Python
QQoIiY4K-M0,Count Ways To Build Good Strings - Leetcode 2466 - Python
4Kww-zIkWWY,Minimum Cost For Tickets - Leetcode 983 - Python
JK_zuiNYJOQ,Number of Ways to Split Array - Leetcode 2270 - Python
ZmH3gHiIqfI,Minimum Number of Operations to Move All Balls to Each Box - Leetcode 1769 - Python
TLJd7W-z-yc,Count Vowel Strings in Ranges - Leetcode 2559 - Python
eEUjVY7wK3k,Shifting Letters II - Leetcode 2381 - Python
2JG5rLM3vz8,Unique Length-3 Palindromic Subsequences - Leetcode 1930 - Python
D00qGvqmqN0,Construct K Palindrome Strings - Leetcode 1400 - Python
KMIIGDiXLhY,Check if a Parentheses String Can Be Valid - Leetcode 2116 - Python
f-R9dqsI_FI,Minimum Length of String After Operations - Leetcode 3223 - Python
H9zVwDf6Frk,Bitwise XOR of All Pairings - Leetcode 2425 - Python
xhD78PX8Nss,Minimize XOR - Leetcode 2429 - Python
d2ntGf2tSDI,Neighboring Bitwise XOR - Leetcode 2683 - Python
wYoZMBenHYY,Course Schedule IV - Leetcode 1462 - Python
B90kG-ZlptE,Grid Game - Leetcode 2017 - Python
Xhqo5_SPJa8,First Completely Painted Row or Column - Leetcode 2661 - Python
cQRZ202j-kA,Map of Highest Peak - Leetcode 1765 - Python
meTbkgqNNYM,Count Servers that Communicate - Leetcode 1267 - Python
wciKkM3g3wQ,Find Eventual Safe States - Leetcode 802  - Python
-FGl6dzPexY,Make Lexicographically Smallest Array by Swapping Elements - Leetcode 2948 - Python
JhAz6CkRGHI,Maximum Number of Fish in a Grid - Leetcode 2658 - Python
SSwvMoOhiq0,Tuple with Same Product - Leetcode 1726 - Python
1lNK80tOTfc,Redundant Connection - Leetcode 684 - Python
h13Y9sDbQ6w,Count Number of Bad Pairs - Leetcode 2364 - Python
LWgksJP-5SA,Find the Punishment Number of an Integer - Leetcode 2698 - Python
rNv0vgNc4Ww,Construct the Lexicographically Largest Valid Sequence - Leetcode 1718 - Python
8FrJX-P_DnE,Letter Tile Possibilities - Leetcode 1079 - Python
GgN8d22BEf0,Construct Smallest Number From DI String - Leetcode 2375 - Python
tRwXzsXJArI,The k-th Lexicographical String of All Happy Strings of Length n - Leetcode 1415 - Python
xZ9KOLQ6Quw,Find Unique Binary String - Leetcode 1980  - Python
yI7DfYJSfr4,Private video
99ExTh_0Ycg,Check if Number is a Sum of Powers of Three - Leetcode 1780 - Python
y1VEygeHpGU,Maximum Absolute Sum of Any Subarray - Leetcode 1749 - Python
H1nBu3L-2gQ,Construct Binary Tree from Preorder and Postorder Traversal - Leetcode 889 - Python
mESeQZKfvtY,Most Profitable Path in a Tree - Leetcode 2467 - Python
AIlI-24oC6Q,Number of Sub-arrays With Odd Sum - Leetcode 1524 - Python
33kCYPLnvcE,Length of Longest Fibonacci Subsequence - Leetcode 873 - Python
OX0bCSG7EfE,Partition Array According to Given Pivot - Leetcode 2161 - Python
Ajg7LRTBo6U,Count Total Number of Colored Cells - Leetcode 2579 - Python
lcdO8gSWZHw,Closest Prime Numbers in Range - Leetcode 2523 - Python
Zexx16dNPX8,Alternating Groups II - Leetcode 3208 - Python
2wANakxRZNo,Count of Substrings Containing Every Vowel and K Consonants II - Leetcode 3306 - Python
iSf7d2ldp70,Number of Substrings Containing All Three Characters - Leetcode 1358 - Python
jpKfrXetb9Q,Maximum Candies Allocated to K Children - Leetcode 2226 - Python
OHZqAc6h3Us,House Robber IV - Leetcode 2560 - Python
RHct_Pz9EBo,Minimum Time to Repair Cars - Leetcode 2594 - Python
pcUmxsvTmP0,Longest Nice Subarray - Leetcode 2401 - Python
5dg_gAym75I,Minimum Operations to Make Binary Array Elements Equal to One I - Leetcode 3191 - Python
WQZdwxZJAhY,Partition Labels - Leetcode 763 - Python
AQrsAc3EcyQ,Find All Possible Recipes from Given Supplies - Leetcode 2115 - Python
FjLirf3k9ao,Count the Number of Complete Components - Leetcode 2685 - Python
VFCzKOH1hnk,Number of Ways to Arrive at Destination - Leetcode 1976 - Python
VFYTULYpApM,Count Days Without Meetings - Leetcode 3169 - Python
X9QtxzsAsYo,Check if Grid can be Cut into Sections - Leetcode 3394 - Python
2LfVNDlx8mY,Minimum Operations to Make a Uni-Value Grid - Leetcode 2033 - Python
XemmMMz_0mU,Minimum Index of a Valid Split - Leetcode 2780 - Python
bMXHK-ASQV0,Lowest Common Ancestor of Deepest Leaves - Leetcode 1123 - Python
y_XVeVUpdP4,Count Good Numbers - Leetcode 1922 - Python
yWlxzvpU6WY,Maximum Value of an Ordered Triplet II - Leetcode 2874 - Python
bY2CoVEdEEg,Solving Questions with Brainpower - Leetcode 2140 - Python
O-aXzrDB49w,Largest Divisible Subset - Leetcode 368 - Python
snue4L5WrJ4,Partition Equal Subset Sum - Leetcode 416 - Python
-JFngYs21Y8,Binary Tree Vertical Order Traversal - Leetcode 314 - Python
ntzA9LS8kLM,Buildings With an Ocean View - Leetcode 1762 - Python
m7_mhLUTj6Q,Delete Nodes From Linked List Present in Array - Leetcode 3217 - Python
GZNl0gFm25Q,Count Unguarded Cells in the Grid - Leetcode 2257 - Python
H0fH83hiFs0,Minimum Time To Make Rope Colorful - Leetcode 1578 - Python
c_TCs1dnIzo,Power Grid Maintenance - Leetcode 3607 - Python
s9-gPx1Nvho,Minimum Operations to Convert All Elements to Zero - Leetcode 3542 - Python
xLoDjKczUSk,Largest Color Value in a Directed Graph - Leetcode 1857 - Python
1IUzNJ6TPEM,IPO - Leetcode 502 - Python
boHNFptxo2A,Minimize Deviation in Array - Leetcode 1675 - Python
NrHpgTScOcY,Naming a Company - Leetcode 2306 - Python
FavoZjPIWpo,Data Stream as Disjoint Intervals - Leetcode 352 - Python
bLEIHn-DgoA,LFU Cache - Leetcode 460 - Python
iHp7fjw1R28,Concatenated Words - Leetcode 472 - Python
Bb9lOXUOnFw,Leetcode 149 - Maximum Points on a Line - Python
rv2GBYQm7xM,Number of Good Paths - Leetcode 2421 - Python
ZRdEd_eun8g,Maximum Value of K Coins from Piles - Leetcode 2218 - Python
_GF-0T-YjW8,Number of Ways to Form a Target String Given a Dictionary - Leetcode 1639 - Python
CcLKQLKvOl8,Profitable Schemes - Leetcode 879 - Python
booGwg5wYm4,Remove Max Number of Edges to Keep Graph Fully Traversable - Leetcode 1579 - Python
Xq9VT7p0lic,Find the Longest Valid Obstacle Course at Each Position - Leetcode 1964 - Python
RRQVDqp5RSE,Maximize Score after N Operations - Leetcode 1799 - Python
EVxTO5I0d7w,Minimum Cost to Cut a Stick - Leetcode 1547 - Python
HsLG5QW9CFQ,Stone Game III - Leetcode 1406 - Python
gk4qzZSmyrs,Number of Music Playlists - Leetcode 920 - Python
83JnUxrLKJU,Find Critical and Pseudo Critical Edges in Minimum Spanning Tree - Leetcode 1489 - Python
TzMl4Z7pVh8,Text Justification - Leetcode 68 - Python
OpgslsirW8s,Count all Valid Pickup and Delivery Options - Leetcode 1359 - Python
1IzCRCcK17A,Candy - Leetcode 135 - Python
Dd-yJylrcOY,Minimum Number of Operations to Make Array Continuous - Leetcode 2009 - Python
zY3Uty9IwvY,Number of Flowers in Full Bloom - Leetcode 2251 - Python
BGgYC-YkGvc,Find in Mountain Array - Leetcode 1095 - Python
qMZJunF5UaI,Painting the Walls - Leetcode 2742 - Python
8YBGXG-8sRI,Number of Ways to Stay in the Same Place After Some Steps - Leetcode 1269 - Python
a_NlRPnqCrg,Parallel Courses III - Leetcode 2050 - Python
-IYZv-nOSys,Constrained Subsequence Sum - Leetcode 1425 - Python
_K7oyQlAjv4,Maximum Score of a Good Subarray - Leetcode 1793 - Python
YOTjCd4Eyhc,Number of Ways to Divide a Long Corridor - Leetcode 2147 - Python
yRI18_MaG7k,Minimum Number of One Bit Operations to Make Integers Zero - Leetcode 1611 - Python
ISIG3o-Xofg,String Compression II - Leetcode 1531 - Python
DAAULrZFeLI,Minimum Difficulty of a Job Schedule - Leetcode 1335 - Python
JLoWc3v0SiE,Maximum Profit in Job Scheduling - Leetcode 1235 - Python
YIMwwT9JdIE,Arithmetic Slices II - Leetcode 446 - Python
dglwb30bUKI,K Inverse Pairs Array - Leetcode 629 - Python
43DRBP2DUHg,Number of Submatrices that Sum to Target - Leetcode 1074 - Python
c1stwk2TbNk,Cherry Pickup II - Leetcode 1463 - Python
2VLwjvODQbA,Meeting Rooms III - Leetcode 2402 - Python
1XujGRSU1bQ,Find All People With Secret - Leetcode 2092 - Python
jZ-RVp5CVYY,Greatest Common Divisor Traversal - Leetcode 2709 - Python
etI6HqWVa8U,Subarrays with K Different Integers - Leetcode 992 - Python
_b8sptrsFEM,Minimum Falling Path Sum II - Leetcode 1289 - Python
NOgnlTXidSs,Freedom Trail - Leetcode 514 - Python
f879mUH6vJk,Minimum Cost to Hire K Workers - Leetcode 857 - Python
bnBp6_b4GCw,Find the Maximum Sum of Node Values - Leetcode 3068 - Python
1cV8Hq9IAk4,Maximum Score Words Formed By Letters - Leetcode 1255 - Python
QgLKdluDo08,Word Break II - Leetcode 140 - Python
BPIJ5ROX0i4,Student Attendance Record II - Leetcode 552 - Python
Fv3M9uO5ovU,Minimum Number of K Consecutive Bit Flips - Leetcode 995 - Python
FMV5Pp0tdXY,Robot Collisions - Leetcode 2751 - Python
iuK05gGBzJc,Number of Atoms - Leetcode 726 - Python
khTKB1PzCuw,Build a Matrix With Conditions - Leetcode 2392 - Python
2F7gwxfy1CU,Second Minimum Time to Reach Destination - Leetcode 2045 - Python
SCtIlKd3mDM,Integer to English Words - Leetcode 273 - Python
aO-QbJ5eZwU,Minimum Number of Days to Disconnect Island - Leetcode 1568 - Python
bQ-QcFKwsZc,Find K-th Smallest Pair Distance - Leetcode 719 - Python
niOT-FK1RH8,Rabin Karp - Shortest Palindrome - Leetcode 214
wRubz1zhVqk,K-th Smallest in Lexicographical Order - Leetcode 440 - Python
F-5cmvhLw90,Sum of Prefix Scores of Strings - Leetcode 2416 - Python
q2L6yHIIbs8,Parsing A Boolean Expression - Leetcode 1106 - Python
Ys-q9qPpleY,Minimum Number of Removals to Make Mountain Array - Leetcode 1671 - Python
5AY70aAHZiQ,Shortest Subarray with Sum at Least K - Leetcode 862 - Python
C8wonkVDWz8,Sliding Puzzle - Leetcode 773 - Python
VxeH7_QL-28,Minimum Obstacle Removal to Reach Corner - Leetcode 2290 - Python
Kj98r8IgJOQ,Minimum Time to Visit a Cell In a Grid - Leetcode 2577 - Python
xlgOaIK-inc,Maximum Number of K-Divisible Components - Leetcode 2872 - Python
HJaSuUOUH90,Find Building Where Alice and Bob Can Meet - Leetcode 2940 - Python
tK1TLnhmXzw,Find Minimum Diameter After Merging Two Trees - Leetcode 3203 - Python
SfjeJ1qyCVg,Maximum Sum of 3 Non-Overlapping Subarrays - Leetcode 689 - Python
3DwA6AsQvDI,Minimum Cost to Make at Least One Valid Path in a Grid - Leetcode 1368 - Python
onA7_MaPGkM,Trapping Rain Water II - Leetcode 407 - Python
Gn0ADjje8Rg,Divide Nodes Into the Maximum Number of Groups - Leetcode 2493 - Python
aPBELJa-LM8,Maximum Employees to Be Invited to a Meeting - Leetcode 2127 - Python
pq61VNqXGvA,Making A Large Island - Leetcode 827 - Python
VroH6J47kIE,Recover a Tree From Preorder Traversal - Leetcode 1028 - Python
JkjQNJSxXN0,Shortest Common Supersequence - Leetcode 1092 - Python
UL8radjMPUM,Minimum Cost Walk in Weighted Graph - Leetcode 3108 - Python
NtH8cWBCu3Y,Maximum Number of Points From Grid Queries - Leetcode 2503 - Python
NH-Bkbmj7Sw,Apply Operations to Maximize Score - Leetcode 2818 - Python
lB_gLotpnuY,Put Marbles in Bags - Leetcode 2551 - Python
84mt0YWJd1w,Minimum Number of Increments on Subarrays to Form a Target Array - Leetcode 1526 - Python
4GyVDJq3cqg,Find X-Sum of All K-Long Subarrays II - Leetcode 3321 - Python
iOm-VdQJmSs,Maximize the Minimum Powered City - Leetcode 2528 - Python
kcDt60Wav7w,Minimum Number of One Bit Operations to Make Integers Zero - Leetcode 1611 - Python
